file,total_nodes,leaf_nodes,internal_nodes,max_depth,average_branching_factor,max_branching_factor,min_branching_factor,first_branching_factor,depth_per_nodes,internal_per_depth,state,total_segments,avg_segment_len,max_segment_len,min_segment_len,std_dev_len,code_analysis,mental_execution,test_generation,bug_fixing,language_mapping,high_level_plan,empty, ,plan_outlining,outline,planning
../codelingua/segment_trees/qwq_level3_Python_C/qid_atcoder_ABC124_A___atcoder_ABC051_A___codeforces_59_A.json,37,4,33,28,1.09,2,1,1,0.7567567567567568,1.1785714285714286,correct,36,445.6666666666667,1957.0,108.0,386.4148030290765,2,29,0,0,1,0,0,4.0,,,
../codelingua/segment_trees/qwq_level3_Python_C/qid_codeforces_272_B___atcoder_ABC135_D___codeforces_678_B.json,92,25,67,32,1.36,3,1,1,0.34782608695652173,2.09375,incorrect,91,480.46153846153845,4348.0,101.0,603.5271384433403,31,43,1,3,4,0,0,9.0,,,
../codelingua/segment_trees/qwq_level3_Python_C/qid_codeforces_632_B___codeforces_669_A___atcoder_ABC164_D.json,78,17,61,37,1.26,3,1,1,0.47435897435897434,1.6486486486486487,incorrect,77,447.8181818181818,3016.0,102.0,443.8018384035097,17,49,0,2,0,0,0,8.0,1.0,,
../codelingua/segment_trees/qwq_level3_Python_C/qid_codeforces_644_B___codeforces_622_A___codeforces_96_B.json,85,18,67,47,1.25,3,1,1,0.5529411764705883,1.425531914893617,correct,84,476.57142857142856,6461.0,102.0,786.8226524463781,13,45,0,1,3,0,0,22.0,,,
../codelingua/segment_trees/qwq_level3_Python_C/qid_codeforces_92_A___atcoder_AGC046_A___atcoder_ABC124_C.json,35,6,29,25,1.17,2,1,1,0.7142857142857143,1.16,correct,34,505.94117647058823,2836.0,104.0,569.3695046264543,2,29,0,0,0,0,0,3.0,,,
../codelingua/segment_trees/qwq_level3_Python_C/qid_atcoder_AGC011_C___atcoder_ABC132_A___codeforces_59_A.json,82,18,64,46,1.27,4,1,1,0.5609756097560976,1.391304347826087,incorrect,81,584.5185185185185,6628.0,107.0,1054.4000677056968,14,34,0,5,2,0,0,26.0,,,
../codelingua/segment_trees/qwq_level3_Python_C/qid_atcoder_ABC140_D___atcoder_AGC046_A___codeforces_96_B.json,63,12,51,22,1.22,4,1,1,0.3492063492063492,2.3181818181818183,incorrect,62,602.741935483871,4463.0,104.0,836.9742526052167,7,37,0,9,0,0,0,8.0,1.0,,
../codelingua/segment_trees/qwq_level3_Python_C/qid_codeforces_86_A___atcoder_ABC135_D___atcoder_AGC034_B.json,75,22,53,27,1.4,5,1,1,0.36,1.962962962962963,correct,74,513.5135135135135,3804.0,100.0,702.2366272395659,15,46,2,2,0,0,0,9.0,,,
../codelingua/segment_trees/qwq_level3_Python_C/qid_atcoder_ARC102_C___atcoder_ABC122_D___atcoder_ABC169_D.json,89,26,63,32,1.4,3,1,1,0.3595505617977528,1.96875,incorrect,88,475.8636363636364,2818.0,101.0,537.971417046518,18,52,0,1,1,0,0,16.0,,,
../codelingua/segment_trees/qwq_level3_Python_C/qid_codeforces_629_B___codeforces_49_A___atcoder_ABC132_A.json,111,25,86,62,1.28,3,1,1,0.5585585585585585,1.3870967741935485,incorrect,110,351.0181818181818,2646.0,100.0,300.7467459025547,8,93,0,0,3,0,0,6.0,,,
../codelingua/segment_trees/qwq_level3_Python_C/qid_codeforces_518_B___codeforces_190_A___atcoder_ABC129_E.json,56,11,45,26,1.22,3,1,1,0.4642857142857143,1.7307692307692308,correct,55,572.3454545454546,4458.0,104.0,794.5189137944448,13,29,3,2,1,0,0,7.0,,,
../codelingua/segment_trees/qwq_level3_Python_C/qid_codeforces_678_A___atcoder_ABC155_E___atcoder_ABC142_A.json,25,2,23,23,1.04,2,1,1,0.92,1.0,incorrect,24,1843.0,37191.0,103.0,7531.979155573918,4,19,0,0,0,0,0,1.0,,,
../codelingua/segment_trees/qwq_level3_Python_C/qid_atcoder_ABC149_B___codeforces_171_A___codeforces_276_B.json,46,5,41,40,1.1,2,1,1,0.8695652173913043,1.025,incorrect,45,555.4,5178.0,114.0,816.8419063686682,4,40,0,0,1,0,0,,,,
../codelingua/segment_trees/qwq_level3_Python_C/qid_atcoder_ABC162_D___codeforces_96_B___codeforces_514_A.json,54,12,42,24,1.26,3,1,1,0.4444444444444444,1.75,incorrect,53,615.5283018867924,3935.0,103.0,760.7829368934446,10,27,1,2,1,0,0,12.0,,,
../codelingua/segment_trees/qwq_level3_Python_C/qid_codeforces_678_B___atcoder_ABC169_D___atcoder_ABC172_D.json,84,12,72,51,1.15,2,1,1,0.6071428571428571,1.411764705882353,correct,83,377.71084337349396,4089.0,100.0,549.950386456737,16,58,0,0,3,0,0,6.0,,,
../codelingua/segment_trees/qwq_level3_Python_C/qid_codeforces_37_A___atcoder_ABC153_A___atcoder_ABC149_C.json,25,3,22,17,1.09,2,1,1,0.68,1.2941176470588236,correct,24,631.8333333333334,2262.0,122.0,679.6143834152773,7,12,0,1,1,0,0,3.0,,,
../codelingua/segment_trees/qwq_level3_Python_C/qid_codeforces_617_B___atcoder_ABC136_B___atcoder_ARC062_B.json,95,30,65,31,1.45,4,1,1,0.3263157894736842,2.096774193548387,incorrect,94,461.0851063829787,2847.0,101.0,475.98966871354634,12,62,0,3,0,0,0,16.0,,1.0,
../codelingua/segment_trees/qwq_level3_Python_C/qid_codeforces_189_A___atcoder_ABC174_C___atcoder_ABC136_B.json,37,10,27,15,1.33,2,1,1,0.40540540540540543,1.8,correct,36,917.0555555555555,7046.0,108.0,1407.8670786374366,6,23,0,0,3,0,0,4.0,,,
../codelingua/segment_trees/qwq_level3_Python_C/qid_codeforces_519_B___codeforces_617_B___atcoder_ABC155_E.json,83,15,68,48,1.21,4,1,1,0.5783132530120482,1.4166666666666667,incorrect,82,477.2560975609756,5453.0,101.0,741.0811889840845,9,56,2,1,0,0,0,14.0,,,
../codelingua/segment_trees/qwq_level3_Python_C/qid_atcoder_ABC147_D___atcoder_ABC051_A___atcoder_ABC132_A.json,62,10,52,37,1.17,3,1,1,0.5967741935483871,1.4054054054054055,correct,61,384.2295081967213,4237.0,100.0,550.1500520598182,5,46,2,2,1,0,0,5.0,,,
../codelingua/segment_trees/qwq_level3_Python_C/qid_codeforces_86_A___atcoder_ABC051_A___atcoder_ABC178_A.json,57,13,44,27,1.27,2,1,1,0.47368421052631576,1.6296296296296295,incorrect,56,489.92857142857144,3616.0,100.0,639.899505096993,4,43,0,2,0,0,0,7.0,,,
../codelingua/segment_trees/qwq_level3_Python_C/qid_codeforces_607_A___atcoder_ABC164_D___atcoder_ABC155_E.json,67,17,50,25,1.32,3,1,1,0.373134328358209,2.0,correct,66,408.1969696969697,4095.0,100.0,575.4230876814293,13,40,0,1,2,0,0,10.0,,,
../codelingua/segment_trees/qwq_level3_Python_C/qid_atcoder_ABC164_D___codeforces_669_A___atcoder_ABC051_A.json,60,10,50,34,1.18,3,1,1,0.5666666666666667,1.4705882352941178,incorrect,59,460.89830508474574,3180.0,101.0,554.3903982012743,19,34,0,0,1,0,0,5.0,,,
../codelingua/segment_trees/qwq_level3_Python_C/qid_atcoder_ABC155_E___atcoder_AGC025_A___codeforces_110_B.json,51,13,38,24,1.32,3,1,1,0.47058823529411764,1.5833333333333333,incorrect,50,454.84,2044.0,103.0,482.19533513348074,10,29,2,0,0,0,0,9.0,,,
../codelingua/segment_trees/qwq_level3_Python_C/qid_codeforces_350_B___atcoder_ABC152_C___codeforces_276_B.json,65,20,45,31,1.42,4,1,1,0.47692307692307695,1.4516129032258065,correct,64,479.765625,2961.0,101.0,569.4370581934826,13,40,0,3,0,0,0,8.0,,,
../codelingua/segment_trees/qwq_level3_Python_C/qid_codeforces_665_A___atcoder_ABC135_D___codeforces_96_B.json,46,9,37,27,1.22,3,1,1,0.5869565217391305,1.3703703703703705,correct,45,818.5555555555555,4670.0,111.0,1095.7682144495614,11,29,0,0,0,0,0,4.0,,1.0,
../codelingua/segment_trees/qwq_level3_Python_C/qid_atcoder_ABC143_A___atcoder_AGC034_B___atcoder_ABC042_A.json,176,68,108,24,1.62,9,1,1,0.13636363636363635,4.5,incorrect,175,316.33714285714285,907.0,106.0,163.8011674654799,0,162,0,0,0,0,0,13.0,,,
../codelingua/segment_trees/qwq_level3_Python_C/qid_atcoder_ABC171_B___atcoder_ABC172_D___atcoder_ABC042_A.json,225,126,99,32,2.26,52,1,2,0.14222222222222222,3.09375,incorrect,224,255.61607142857142,1076.0,100.0,124.60022137444177,1,187,0,0,0,0,0,36.0,,,
../codelingua/segment_trees/qwq_level3_Python_C/qid_codeforces_231_A___codeforces_678_B___atcoder_AGC025_A.json,34,3,31,31,1.06,2,1,1,0.9117647058823529,1.0,incorrect,33,1082.0,24675.0,103.0,4239.717804583225,2,23,2,0,0,0,0,6.0,,,
../codelingua/segment_trees/qwq_level3_Python_C/qid_codeforces_624_B___codeforces_579_A___atcoder_ABC132_A.json,69,16,53,33,1.28,3,1,1,0.4782608695652174,1.606060606060606,correct,68,474.5735294117647,4693.0,100.0,629.8859957540402,3,52,0,3,0,0,0,9.0,1.0,,
../codelingua/segment_trees/qwq_level3_Python_C/qid_atcoder_AGC028_B___atcoder_ABC164_D___atcoder_ABC051_A.json,75,20,55,39,1.35,3,1,1,0.52,1.4102564102564104,incorrect,74,520.1216216216217,3140.0,100.0,509.2430846384944,14,47,0,2,2,0,0,9.0,,,
../codelingua/segment_trees/qwq_level3_Python_C/qid_codeforces_581_A___codeforces_92_A___atcoder_ABC122_D.json,72,16,56,31,1.27,3,1,2,0.4305555555555556,1.8064516129032258,correct,71,496.01408450704224,3439.0,101.0,526.067227994884,14,43,1,1,0,0,0,11.0,1.0,,
../codelingua/segment_trees/qwq_level3_Python_C/qid_atcoder_ABC151_A___codeforces_59_A___atcoder_ABC135_D.json,77,13,64,40,1.19,3,1,2,0.5194805194805194,1.6,correct,76,436.3157894736842,2483.0,100.0,460.3990214448424,12,55,0,3,2,0,0,4.0,,,
../codelingua/segment_trees/qwq_level3_Python_C/qid_atcoder_ABC105_D___atcoder_ABC178_A___codeforces_59_A.json,84,21,63,37,1.32,5,1,1,0.44047619047619047,1.7027027027027026,correct,83,411.48192771084337,4587.0,100.0,558.3383964168252,15,53,0,3,0,0,0,11.0,1.0,,
../codelingua/segment_trees/qwq_level3_Python_C/qid_codeforces_59_A___atcoder_ABC051_A___codeforces_147_A.json,100,26,74,34,1.34,4,1,1,0.34,2.176470588235294,correct,99,470.7070707070707,3696.0,101.0,575.2524778884849,18,51,0,8,0,0,0,22.0,,,
../codelingua/segment_trees/qwq_level3_Python_C/qid_codeforces_265_B___atcoder_ABC129_E___atcoder_ABC178_A.json,46,9,37,23,1.22,2,1,1,0.5,1.608695652173913,correct,45,488.15555555555557,2027.0,104.0,462.0517953824675,10,25,2,0,1,0,0,7.0,,,
../codelingua/segment_trees/qwq_level3_Python_C/qid_atcoder_ABC171_B___atcoder_ABC129_E___codeforces_579_A.json,52,9,43,43,1.19,4,1,1,0.8269230769230769,1.0,correct,51,526.2941176470588,2880.0,101.0,541.4783206784053,13,26,0,5,1,0,0,5.0,1.0,,
../codelingua/segment_trees/qwq_level3_Python_C/qid_codeforces_231_A___atcoder_ABC129_E___atcoder_ABC142_A.json,70,14,56,44,1.23,4,1,1,0.6285714285714286,1.2727272727272727,incorrect,69,396.7536231884058,2285.0,105.0,405.5543920072687,12,46,0,1,1,0,0,9.0,,,
../codelingua/segment_trees/qwq_level3_Python_C/qid_codeforces_632_B___atcoder_AGC046_A___codeforces_110_B.json,64,17,47,25,1.34,3,1,1,0.390625,1.88,correct,63,411.8253968253968,5550.0,100.0,721.7602036706253,12,30,1,0,2,0,0,17.0,1.0,,
../codelingua/segment_trees/qwq_level3_Python_C/qid_atcoder_ABC122_D___atcoder_ABC135_D___codeforces_59_A.json,99,22,77,31,1.27,3,1,1,0.31313131313131315,2.4838709677419355,incorrect,98,448.234693877551,5656.0,100.0,811.1015648330655,26,48,0,2,2,0,0,20.0,,,
../codelingua/segment_trees/qwq_level3_Python_C/qid_atcoder_ABC178_A___codeforces_514_A___codeforces_669_A.json,50,11,39,32,1.26,4,1,1,0.64,1.21875,incorrect,49,431.2244897959184,1894.0,100.0,382.70333730940354,9,36,0,0,0,0,0,4.0,,,
../codelingua/segment_trees/qwq_level3_Python_C/qid_atcoder_ABC178_B___atcoder_ABC129_E___codeforces_96_B.json,83,22,61,39,1.34,4,1,1,0.46987951807228917,1.564102564102564,incorrect,82,516.3780487804878,6049.0,111.0,759.7762932656502,12,49,2,3,0,0,0,15.0,1.0,,
../codelingua/segment_trees/qwq_level3_Python_C/qid_codeforces_596_B___codeforces_147_A___atcoder_ABC051_A.json,100,27,73,43,1.36,4,1,1,0.43,1.697674418604651,incorrect,99,479.8181818181818,5074.0,102.0,764.9890137084451,18,54,1,6,3,0,0,16.0,,1.0,
../codelingua/segment_trees/qwq_level3_Python_C/qid_codeforces_350_B___atcoder_ABC150_E___atcoder_ABC158_A.json,100,23,77,36,1.29,3,1,1,0.36,2.138888888888889,correct,99,421.24242424242425,4189.0,102.0,486.014321005703,15,67,2,3,1,0,0,11.0,,,
../codelingua/segment_trees/qwq_level3_Python_C/qid_codeforces_621_A___atcoder_ABC124_C___codeforces_147_A.json,169,68,101,59,1.66,11,1,1,0.34911242603550297,1.7118644067796611,incorrect,168,316.39285714285717,2027.0,83.0,261.13561383110795,11,83,0,44,3,0,0,27.0,,,
../codelingua/segment_trees/qwq_level3_Python_C/qid_atcoder_AGC007_C___atcoder_ARC062_B___atcoder_ABC155_E.json,152,79,73,35,2.07,28,1,1,0.23026315789473684,2.085714285714286,incorrect,151,348.9139072847682,823.0,107.0,117.13501841307469,5,124,0,1,0,0,0,21.0,,,
../codelingua/segment_trees/qwq_level3_Python_C/qid_codeforces_79_A___atcoder_ABC124_C___codeforces_514_A.json,64,12,52,36,1.21,2,1,1,0.5625,1.4444444444444444,correct,63,450.22222222222223,3997.0,100.0,565.9240928367042,9,45,0,0,0,0,0,9.0,,,
../codelingua/segment_trees/qwq_level3_Python_C/qid_atcoder_ABC162_D___atcoder_ABC136_B___atcoder_ABC132_A.json,95,27,68,49,1.38,4,1,1,0.5157894736842106,1.3877551020408163,incorrect,94,463.8404255319149,2537.0,100.0,510.3715556335571,15,60,0,3,0,0,0,16.0,,,
../codelingua/segment_trees/qwq_level3_Python_C/qid_codeforces_56_B___atcoder_ABC169_C___codeforces_669_A.json,63,10,53,41,1.17,3,1,1,0.6507936507936508,1.2926829268292683,correct,62,408.5,2323.0,102.0,400.8868754215407,6,54,0,0,0,0,0,2.0,,,
../codelingua/segment_trees/qwq_level3_Python_C/qid_codeforces_609_B___atcoder_ABC136_B___codeforces_49_A.json,62,12,50,40,1.22,4,1,1,0.6451612903225806,1.25,incorrect,61,909.7377049180328,39102.0,100.0,4976.036910037408,6,29,1,0,2,0,0,23.0,,,
../codelingua/segment_trees/qwq_level3_Python_C/qid_codeforces_581_A___codeforces_79_A___codeforces_59_A.json,42,6,36,34,1.14,4,1,1,0.8095238095238095,1.0588235294117647,correct,41,568.0975609756098,2181.0,101.0,556.2407214901679,8,25,0,5,0,0,0,3.0,,,
../codelingua/segment_trees/qwq_level3_Python_C/qid_codeforces_678_B___atcoder_ABC172_D___atcoder_ABC169_D.json,76,15,61,40,1.23,4,1,1,0.5263157894736842,1.525,incorrect,75,548.8666666666667,4150.0,105.0,698.4489830918089,16,40,2,8,2,0,0,7.0,,,
../codelingua/segment_trees/qwq_level3_Python_C/qid_codeforces_154_A___atcoder_ABC124_C___atcoder_ABC129_E.json,79,16,63,29,1.24,3,1,1,0.3670886075949367,2.1724137931034484,incorrect,78,455.56410256410254,4360.0,101.0,587.3565166537933,13,47,1,3,0,0,0,14.0,,,
../codelingua/segment_trees/qwq_level3_Python_C/qid_codeforces_519_B___codeforces_682_B___atcoder_ABC174_C.json,55,12,43,37,1.26,2,1,1,0.6727272727272727,1.162162162162162,correct,54,402.98148148148147,2363.0,101.0,439.63614847601013,7,34,2,0,1,0,0,10.0,,,
../codelingua/segment_trees/qwq_level3_Python_C/qid_codeforces_672_A___codeforces_147_A___atcoder_ABC135_D.json,98,22,76,45,1.28,3,1,1,0.45918367346938777,1.6888888888888889,incorrect,97,460.1958762886598,2056.0,83.0,424.36363237536966,12,71,0,2,0,0,0,12.0,,,
../codelingua/segment_trees/qwq_level3_Python_C/qid_atcoder_ABC124_A___atcoder_AGC025_A___atcoder_AGC046_A.json,27,1,26,26,1.0,1,1,1,0.9629629629629629,1.0,correct,26,449.88461538461536,2388.0,107.0,457.2073776240341,2,18,2,2,0,0,0,2.0,,,
../codelingua/segment_trees/qwq_level3_Python_C/qid_atcoder_ABC134_E___atcoder_ABC051_A___codeforces_58_B.json,102,20,82,42,1.23,4,1,2,0.4117647058823529,1.9523809523809523,incorrect,101,459.1980198019802,3440.0,103.0,488.4287260143896,11,76,0,2,0,0,0,12.0,,,
../codelingua/segment_trees/qwq_level3_Python_C/qid_codeforces_154_A___atcoder_ABC129_E___atcoder_ARC062_B.json,83,25,58,24,1.41,5,1,1,0.2891566265060241,2.4166666666666665,correct,82,438.4512195121951,3595.0,107.0,626.607880466478,4,58,4,5,0,0,0,11.0,,,
../codelingua/segment_trees/qwq_level3_Python_C/qid_atcoder_ABC140_D___codeforces_96_B___atcoder_ARC062_B.json,57,12,45,32,1.24,3,1,1,0.5614035087719298,1.40625,correct,56,529.5892857142857,3344.0,102.0,585.0456633859901,5,35,0,0,0,0,0,15.0,,1.0,
../codelingua/segment_trees/qwq_level3_Python_C/qid_atcoder_AGC017_A___atcoder_ABC124_C___atcoder_ABC042_A.json,152,54,98,34,1.54,4,1,1,0.2236842105263158,2.8823529411764706,incorrect,151,334.87417218543044,2668.0,101.0,351.1427497877136,14,96,0,2,0,0,0,38.0,,1.0,
../codelingua/segment_trees/qwq_level3_Python_C/qid_atcoder_ABC140_D___atcoder_ABC155_E___atcoder_ABC136_B.json,62,17,45,24,1.36,3,1,1,0.3870967741935484,1.875,incorrect,61,615.8360655737705,4654.0,100.0,737.6719049443745,11,44,0,0,0,0,0,6.0,,,
../codelingua/segment_trees/qwq_level3_Python_C/qid_codeforces_609_B___atcoder_ABC149_C___atcoder_AGC025_A.json,136,50,86,30,1.57,5,1,1,0.22058823529411764,2.8666666666666667,incorrect,135,368.8074074074074,4966.0,100.0,510.37439427618284,16,50,2,3,4,0,0,57.0,1.0,2.0,
../codelingua/segment_trees/qwq_level3_Python_C/qid_atcoder_ABC169_E___atcoder_AGC046_A___atcoder_ABC172_D.json,23,3,20,16,1.1,2,1,2,0.6956521739130435,1.25,incorrect,22,1459.3636363636363,23896.0,108.0,5019.691752492706,7,11,0,0,0,0,0,3.0,1.0,,
../codelingua/segment_trees/qwq_level3_Python_C/qid_atcoder_ARC062_B___atcoder_ABC155_E___codeforces_276_B.json,77,21,56,29,1.36,3,1,1,0.37662337662337664,1.9310344827586208,correct,76,449.0,2466.0,102.0,440.9630369997014,7,54,0,4,0,0,0,11.0,,,
../codelingua/segment_trees/qwq_level3_Python_C/qid_atcoder_AGC004_B___codeforces_622_A___atcoder_ABC132_A.json,64,10,54,50,1.17,3,1,1,0.78125,1.08,incorrect,63,560.2063492063492,4257.0,103.0,786.2887953140735,10,41,1,0,1,0,0,10.0,,,
../codelingua/segment_trees/qwq_level3_Python_C/qid_codeforces_519_B___codeforces_31_A___atcoder_ABC169_D.json,80,22,58,25,1.36,5,1,1,0.3125,2.32,incorrect,79,530.0886075949367,5439.0,113.0,768.7085772016734,16,43,0,2,1,0,0,17.0,,,
../codelingua/segment_trees/qwq_level3_Python_C/qid_codeforces_189_A___atcoder_ABC132_A___codeforces_49_A.json,63,12,51,27,1.22,3,1,2,0.42857142857142855,1.8888888888888888,correct,62,476.3225806451613,3415.0,102.0,608.491733154873,13,44,0,0,0,0,0,4.0,1.0,,
../codelingua/segment_trees/qwq_level3_Python_C/qid_atcoder_AGC025_A___atcoder_ABC172_D___codeforces_678_B.json,65,9,56,49,1.14,2,1,1,0.7538461538461538,1.1428571428571428,correct,64,506.671875,2244.0,101.0,497.79737238994477,12,44,0,3,0,0,0,5.0,,,
../codelingua/segment_trees/qwq_level3_Python_C/qid_atcoder_AGC025_A___codeforces_96_B___codeforces_58_B.json,65,11,54,33,1.19,3,1,1,0.5076923076923077,1.6363636363636365,correct,64,553.828125,4369.0,105.0,645.466892778103,3,47,0,2,0,0,0,9.0,3.0,,
../codelingua/segment_trees/qwq_level3_Python_C/qid_atcoder_ABC167_C___atcoder_ABC178_A___codeforces_669_A.json,74,16,58,28,1.26,5,1,1,0.3783783783783784,2.0714285714285716,correct,73,345.1232876712329,2874.0,100.0,422.2511083205467,15,37,1,2,1,0,0,16.0,1.0,,
../codelingua/segment_trees/qwq_level3_Python_C/qid_atcoder_ABC136_B___atcoder_AGC034_B___atcoder_ABC135_D.json,59,17,42,25,1.38,4,1,1,0.423728813559322,1.68,incorrect,58,658.2413793103449,3353.0,101.0,768.71205364272,6,43,0,0,0,0,0,9.0,,,
../codelingua/segment_trees/qwq_level3_Python_C/qid_atcoder_AGC035_B___atcoder_ABC129_E___codeforces_110_B.json,157,55,102,57,1.53,5,1,1,0.3630573248407643,1.7894736842105263,incorrect,156,334.4230769230769,5571.0,101.0,498.90224058182804,15,76,0,7,4,0,0,52.0,1.0,1.0,
../codelingua/segment_trees/qwq_level3_Python_C/qid_codeforces_242_B___codeforces_622_A___atcoder_ABC174_C.json,72,16,56,35,1.27,4,1,1,0.4861111111111111,1.6,correct,71,565.1267605633802,2215.0,89.0,514.1273863708283,6,47,0,4,0,0,0,11.0,2.0,1.0,
../codelingua/segment_trees/qwq_level3_Python_C/qid_atcoder_ABC112_C___atcoder_AGC034_B___atcoder_ABC124_C.json,82,13,69,42,1.17,2,1,1,0.5121951219512195,1.6428571428571428,correct,81,368.2345679012346,4075.0,100.0,472.5096367166742,12,49,1,1,0,0,0,17.0,1.0,,
../codelingua/segment_trees/qwq_level3_Python_C/qid_atcoder_ABC043_B___codeforces_669_A___atcoder_ABC174_C.json,62,10,52,38,1.17,3,1,1,0.6129032258064516,1.368421052631579,correct,61,413.2950819672131,2263.0,105.0,365.55789984908887,7,45,1,2,0,0,0,6.0,,,
../codelingua/segment_trees/qwq_level3_Python_C/qid_codeforces_673_A___atcoder_ABC135_D___atcoder_ABC042_A.json,254,124,130,30,1.95,21,1,1,0.11811023622047244,4.333333333333333,incorrect,253,230.399209486166,713.0,101.0,108.61554230918631,1,148,0,0,0,0,1,103.0,,,
../codelingua/segment_trees/qwq_level3_Python_C/qid_codeforces_669_A___atcoder_ABC135_D___atcoder_ABC043_B.json,75,10,65,34,1.14,3,1,1,0.4533333333333333,1.911764705882353,correct,74,456.4054054054054,2879.0,101.0,542.8618714527947,10,47,2,7,0,0,0,8.0,,,
../codelingua/segment_trees/qwq_level3_Python_C/qid_atcoder_ABC169_E___atcoder_ABC042_A___atcoder_ABC051_A.json,149,62,87,28,1.7,19,1,1,0.18791946308724833,3.107142857142857,incorrect,148,381.6621621621622,1010.0,103.0,171.92462175430626,2,139,0,0,0,0,0,7.0,,,
../codelingua/segment_trees/qwq_level3_Python_C/qid_codeforces_25_A___codeforces_96_B___codeforces_622_A.json,54,12,42,30,1.26,3,1,1,0.5555555555555556,1.4,correct,53,550.1320754716982,3230.0,102.0,683.0176548494147,9,31,1,2,0,0,0,9.0,1.0,,
../codelingua/segment_trees/qwq_level3_Python_C/qid_codeforces_265_B___atcoder_ABC136_B___atcoder_ABC155_E.json,46,9,37,26,1.22,4,1,1,0.5652173913043478,1.4230769230769231,correct,45,748.1333333333333,2591.0,105.0,694.0296889117275,8,27,1,6,0,0,0,2.0,1.0,,
../codelingua/segment_trees/qwq_level3_Python_C/qid_codeforces_148_B___atcoder_ABC129_E___codeforces_672_A.json,92,23,69,49,1.32,4,1,1,0.532608695652174,1.4081632653061225,correct,91,445.57142857142856,3593.0,101.0,577.0727499459308,14,64,1,4,1,0,0,6.0,1.0,,
../codelingua/segment_trees/qwq_level3_Python_C/qid_atcoder_AGC002_A___atcoder_ABC132_A___atcoder_AGC034_B.json,78,17,61,36,1.26,3,1,1,0.46153846153846156,1.6944444444444444,correct,77,369.23376623376623,3620.0,100.0,468.61624115732303,7,59,0,0,0,0,0,11.0,,,
../codelingua/segment_trees/qwq_level3_Python_C/qid_codeforces_148_B___atcoder_AGC034_B___codeforces_49_A.json,143,42,101,46,1.41,5,1,1,0.32167832167832167,2.1956521739130435,incorrect,142,323.11971830985914,2470.0,100.0,378.16628265741406,10,126,0,0,3,0,0,3.0,,,
../codelingua/segment_trees/qwq_level3_Python_C/qid_atcoder_AGC002_A___codeforces_59_A___atcoder_ABC129_E.json,44,7,37,23,1.16,2,1,1,0.5227272727272727,1.608695652173913,correct,43,520.046511627907,3000.0,112.0,555.1353740300165,8,30,0,0,0,0,0,5.0,,,
../codelingua/segment_trees/qwq_level3_Python_C/qid_codeforces_340_A___codeforces_276_B___atcoder_ABC158_A.json,76,22,54,16,1.39,3,1,1,0.21052631578947367,3.375,correct,75,335.38666666666666,2084.0,106.0,343.4871606764211,2,64,0,0,0,0,0,9.0,,,
../codelingua/segment_trees/qwq_level3_Python_C/qid_atcoder_ABC178_B___codeforces_669_A___atcoder_ABC129_E.json,67,18,49,18,1.35,4,1,1,0.26865671641791045,2.7222222222222223,incorrect,66,426.1818181818182,4153.0,104.0,584.6661613944493,20,37,1,4,0,0,0,4.0,,,
../codelingua/segment_trees/qwq_level3_Python_C/qid_codeforces_131_B___atcoder_AGC046_A___atcoder_ABC178_A.json,58,11,47,28,1.21,2,1,1,0.4827586206896552,1.6785714285714286,correct,57,402.0701754385965,2355.0,101.0,370.6337169367161,5,31,0,1,2,0,0,18.0,,,
../codelingua/segment_trees/qwq_level3_Python_C/qid_atcoder_ABC124_A___codeforces_514_A___atcoder_ABC114_C.json,64,13,51,29,1.24,3,1,1,0.453125,1.7586206896551724,correct,63,550.3333333333334,2750.0,104.0,554.0186033909202,12,46,1,0,0,0,0,4.0,,,
../codelingua/segment_trees/qwq_level3_Python_C/qid_atcoder_ABC174_E___codeforces_514_A___atcoder_ABC042_A.json,269,135,134,34,2.0,35,1,1,0.12639405204460966,3.9411764705882355,incorrect,268,208.1455223880597,818.0,107.0,95.17445689781216,3,205,0,1,0,0,0,59.0,,,
../codelingua/segment_trees/qwq_level3_Python_C/qid_codeforces_276_B___atcoder_ABC124_C___codeforces_622_A.json,73,16,57,45,1.26,4,1,1,0.6164383561643836,1.2666666666666666,correct,72,443.4861111111111,3897.0,101.0,567.2490819130009,7,50,0,1,0,0,0,14.0,,,
../codelingua/segment_trees/qwq_level3_Python_C/qid_atcoder_ABC178_A___atcoder_ABC124_C___atcoder_ABC132_A.json,68,14,54,30,1.24,3,1,1,0.4411764705882353,1.8,correct,67,380.3731343283582,2239.0,101.0,361.9543682867294,4,54,0,0,0,0,0,9.0,,,
../codelingua/segment_trees/qwq_level3_Python_C/qid_atcoder_ABC162_D___codeforces_669_A___codeforces_147_A.json,110,24,86,41,1.27,4,1,1,0.37272727272727274,2.097560975609756,incorrect,109,417.3761467889908,5010.0,100.0,650.6020258901925,21,60,0,8,2,0,0,17.0,,1.0,
../codelingua/segment_trees/qwq_level3_Python_C/qid_atcoder_ABC162_D___codeforces_678_B___atcoder_ABC051_A.json,91,20,71,50,1.27,4,1,1,0.5494505494505495,1.42,incorrect,90,442.7111111111111,6060.0,102.0,710.331545385349,18,59,1,1,1,0,0,9.0,1.0,,
../codelingua/segment_trees/qwq_level3_Python_C/qid_codeforces_25_A___codeforces_678_B___atcoder_ABC124_C.json,83,14,69,39,1.19,3,1,1,0.46987951807228917,1.7692307692307692,incorrect,82,390.0487804878049,3078.0,102.0,453.4058194347089,17,56,0,0,1,0,0,8.0,,,
../codelingua/segment_trees/qwq_level3_Python_C/qid_codeforces_231_A___atcoder_ABC149_C___atcoder_ABC174_C.json,31,7,24,22,1.25,4,1,1,0.7096774193548387,1.0909090909090908,incorrect,30,717.7333333333333,5033.0,105.0,1031.8273690594904,4,16,3,2,1,0,0,4.0,,,
../codelingua/segment_trees/qwq_level3_Python_C/qid_codeforces_518_B___atcoder_ABC169_C___codeforces_672_A.json,94,21,73,37,1.27,5,1,1,0.39361702127659576,1.972972972972973,incorrect,93,456.0967741935484,3319.0,106.0,511.8785960114942,8,65,3,3,2,0,0,11.0,,,1.0
../codelingua/segment_trees/qwq_level3_Python_C/qid_atcoder_ABC164_D___codeforces_678_B___atcoder_ABC178_A.json,73,16,57,26,1.26,3,1,1,0.3561643835616438,2.1923076923076925,correct,72,509.3888888888889,2984.0,100.0,679.2602346329995,12,52,0,0,2,0,0,6.0,,,
../codelingua/segment_trees/qwq_level3_Python_C/qid_atcoder_AGC005_B___atcoder_ABC124_C___atcoder_ABC114_C.json,90,20,70,42,1.27,5,1,1,0.4666666666666667,1.6666666666666667,correct,89,427.1011235955056,4219.0,100.0,492.486318336584,10,56,0,6,4,0,0,13.0,,,
../codelingua/segment_trees/qwq_level3_Python_C/qid_atcoder_ABC152_C___codeforces_579_A___codeforces_678_B.json,76,14,62,44,1.21,3,1,1,0.5789473684210527,1.4090909090909092,correct,75,475.8666666666667,2225.0,100.0,421.81725046848516,6,61,0,0,2,0,0,6.0,,,
../codelingua/segment_trees/qwq_level3_Python_C/qid_codeforces_32_B___atcoder_AGC025_A___codeforces_678_B.json,76,24,52,25,1.44,7,1,1,0.32894736842105265,2.08,incorrect,75,590.8933333333333,3624.0,101.0,712.1771639085268,14,51,1,2,0,0,0,7.0,,,
../codelingua/segment_trees/qwq_level3_Python_C/qid_atcoder_ABC112_C___codeforces_147_A___atcoder_ABC127_B.json,89,14,75,61,1.17,3,1,1,0.6853932584269663,1.2295081967213115,incorrect,88,497.67045454545456,4734.0,102.0,677.1616510448358,13,51,0,4,1,0,0,18.0,1.0,,
../codelingua/segment_trees/qwq_level3_Python_C/qid_codeforces_268_A___atcoder_ABC172_D___atcoder_ABC174_C.json,353,176,177,49,1.99,44,1,1,0.1388101983002833,3.6122448979591835,incorrect,352,131.76420454545453,629.0,117.0,46.176221016878785,340,10,0,0,0,0,0,1.0,1.0,,
../codelingua/segment_trees/qwq_level3_Python_C/qid_atcoder_AGC011_C___atcoder_ABC114_C___atcoder_ARC062_B.json,99,35,64,34,1.53,4,1,2,0.3434343434343434,1.8823529411764706,incorrect,98,421.1734693877551,4930.0,105.0,560.1264957557651,13,63,0,2,2,0,0,17.0,1.0,,
../codelingua/segment_trees/qwq_level3_Python_C/qid_atcoder_ABC105_D___atcoder_ABC114_C___atcoder_ABC155_E.json,37,7,30,25,1.2,3,1,1,0.6756756756756757,1.2,incorrect,36,1410.888888888889,38272.0,109.0,6323.212229680995,5,22,0,0,1,0,1,7.0,,,
../codelingua/segment_trees/qwq_level3_Python_C/qid_atcoder_ABC167_C___atcoder_ABC136_B___codeforces_622_A.json,105,28,77,49,1.35,4,1,1,0.4666666666666667,1.5714285714285714,incorrect,104,404.15384615384613,3264.0,100.0,536.627092398197,23,52,2,6,1,0,0,19.0,1.0,,
../codelingua/segment_trees/qwq_level3_Python_C/qid_atcoder_AGC043_B___atcoder_ABC135_D___atcoder_ABC132_A.json,141,49,92,32,1.52,8,1,1,0.22695035460992907,2.875,incorrect,140,312.7857142857143,2479.0,100.0,280.7502483573675,15,115,0,0,0,0,0,10.0,,,
../codelingua/segment_trees/qwq_level3_Python_C/qid_atcoder_ABC112_C___atcoder_ABC149_B___atcoder_ABC132_A.json,81,20,61,31,1.31,3,1,1,0.38271604938271603,1.967741935483871,correct,80,358.5625,3703.0,106.0,439.6764876199577,9,59,1,0,0,0,0,10.0,,1.0,
../codelingua/segment_trees/qwq_level3_Python_C/qid_codeforces_534_B___atcoder_ABC164_D___codeforces_96_B.json,70,16,54,31,1.28,3,1,1,0.44285714285714284,1.7419354838709677,correct,69,527.6666666666666,2352.0,89.0,499.45057067643796,14,35,0,10,0,0,0,10.0,,,
../codelingua/segment_trees/qwq_level3_Python_C/qid_atcoder_ABC147_D___atcoder_ABC164_D___atcoder_ABC135_D.json,79,16,63,31,1.24,5,1,1,0.3924050632911392,2.032258064516129,incorrect,78,475.06410256410254,5742.0,100.0,681.0247309380064,18,50,0,1,1,0,0,8.0,,,
../codelingua/segment_trees/qwq_level3_Python_C/qid_atcoder_ABC128_C___atcoder_ABC051_A___atcoder_ABC172_D.json,87,23,64,24,1.34,3,1,1,0.27586206896551724,2.6666666666666665,incorrect,86,435.95348837209303,6609.0,103.0,719.1597042132983,12,44,1,1,2,0,0,25.0,,1.0,
../codelingua/segment_trees/qwq_level3_Python_C/qid_codeforces_624_B___atcoder_ABC042_A___atcoder_ARC062_B.json,228,109,119,30,1.91,18,1,1,0.13157894736842105,3.966666666666667,incorrect,227,245.8942731277533,863.0,100.0,116.5406887537542,5,111,0,0,0,0,0,111.0,,,
../codelingua/segment_trees/qwq_level3_Python_C/qid_codeforces_32_B___atcoder_AGC046_A___codeforces_514_A.json,67,17,50,28,1.32,3,1,2,0.417910447761194,1.7857142857142858,incorrect,66,550.8484848484849,3560.0,105.0,576.687523505494,6,48,0,2,2,0,0,8.0,,,
../codelingua/segment_trees/qwq_level3_Python_C/qid_atcoder_ARC102_C___codeforces_514_A___atcoder_AGC046_A.json,87,21,66,46,1.3,5,1,1,0.5287356321839081,1.434782608695652,incorrect,86,491.3720930232558,4193.0,100.0,582.8247854253935,17,62,0,2,0,0,0,5.0,,,
../codelingua/segment_trees/qwq_level3_Python_C/qid_atcoder_ABC043_B___codeforces_669_A___codeforces_276_B.json,46,4,42,40,1.07,2,1,1,0.8695652173913043,1.05,incorrect,45,409.0444444444444,2038.0,117.0,420.46743228954324,5,30,2,0,1,0,0,7.0,,,
../codelingua/segment_trees/qwq_level3_Python_C/qid_codeforces_70_B___atcoder_ABC124_C___atcoder_ABC042_A.json,172,56,116,43,1.47,4,1,1,0.25,2.697674418604651,incorrect,171,321.5029239766082,988.0,100.0,215.43442770007513,11,119,0,2,0,0,0,39.0,,,
../codelingua/segment_trees/qwq_level3_Python_C/qid_atcoder_ABC170_A___codeforces_59_A___codeforces_55_A.json,57,13,44,33,1.27,4,1,1,0.5789473684210527,1.3333333333333333,correct,56,485.23214285714283,3340.0,115.0,594.5653872160107,2,43,0,4,0,0,0,7.0,,,
../codelingua/segment_trees/qwq_level3_Python_C/qid_atcoder_ABC136_B___atcoder_ABC042_A___codeforces_32_B.json,223,129,94,30,2.36,31,1,1,0.13452914798206278,3.1333333333333333,incorrect,222,251.75675675675674,1185.0,105.0,112.12268782938341,1,110,0,0,0,0,0,111.0,,,
../codelingua/segment_trees/qwq_level3_Python_C/qid_codeforces_632_B___codeforces_55_A___atcoder_ABC158_A.json,66,9,57,41,1.14,3,1,1,0.6212121212121212,1.3902439024390243,correct,65,380.95384615384614,2393.0,103.0,385.2175696428428,11,43,0,1,1,0,0,9.0,,,
../codelingua/segment_trees/qwq_level3_Python_C/qid_codeforces_379_A___atcoder_ABC129_E___atcoder_ABC169_D.json,51,11,40,27,1.25,3,1,1,0.5294117647058824,1.4814814814814814,correct,50,713.1,3888.0,102.0,885.906597785568,10,26,0,1,1,0,1,10.0,1.0,,
../codelingua/segment_trees/qwq_level3_Python_C/qid_atcoder_AGC028_A___atcoder_ABC178_A___atcoder_ABC135_D.json,71,18,53,29,1.32,3,1,1,0.4084507042253521,1.8275862068965518,correct,70,474.85714285714283,3325.0,104.0,572.7108506275231,11,46,0,4,0,0,0,9.0,,,
../codelingua/segment_trees/qwq_level3_Python_C/qid_codeforces_268_A___atcoder_ABC178_A___atcoder_ABC136_B.json,75,16,59,29,1.25,3,1,1,0.38666666666666666,2.0344827586206895,incorrect,74,414.5810810810811,2075.0,100.0,381.9287750696621,5,46,1,4,0,0,0,17.0,,1.0,
../codelingua/segment_trees/qwq_level3_Python_C/qid_atcoder_AGC035_B___atcoder_ARC062_B___codeforces_147_A.json,154,53,101,40,1.51,7,1,1,0.2597402597402597,2.525,incorrect,153,331.98039215686276,4576.0,101.0,430.5174437230682,16,71,0,1,3,0,0,62.0,,,
../codelingua/segment_trees/qwq_level3_Python_C/qid_atcoder_ABC151_A___atcoder_ABC135_D___atcoder_ABC172_D.json,89,23,66,49,1.33,4,1,1,0.550561797752809,1.346938775510204,correct,88,318.3636363636364,1478.0,102.0,232.30653460203993,8,55,0,3,1,0,0,21.0,,,
../codelingua/segment_trees/qwq_level3_Python_C/qid_atcoder_ABC126_E___atcoder_ABC164_D___atcoder_ABC132_A.json,85,21,64,43,1.31,3,1,1,0.5058823529411764,1.4883720930232558,incorrect,84,497.5,3700.0,100.0,604.1814835463273,25,39,2,6,1,0,0,11.0,,,
../codelingua/segment_trees/qwq_level3_Python_C/qid_codeforces_95_A___atcoder_ABC132_A___codeforces_147_A.json,80,26,54,22,1.46,7,1,1,0.275,2.4545454545454546,incorrect,79,618.0759493670886,8324.0,102.0,1155.182367355929,17,34,0,10,1,0,0,16.0,,1.0,
../codelingua/segment_trees/qwq_level3_Python_C/qid_atcoder_AGC014_D___atcoder_AGC034_B___codeforces_669_A.json,92,23,69,44,1.32,5,1,1,0.4782608695652174,1.5681818181818181,incorrect,91,466.6703296703297,3944.0,100.0,577.61180841548,18,50,1,0,0,0,0,21.0,1.0,,
../codelingua/segment_trees/qwq_level3_Python_C/qid_atcoder_ABC174_C___atcoder_ABC136_B___atcoder_ABC172_D.json,38,7,31,26,1.19,2,1,1,0.6842105263157895,1.1923076923076923,incorrect,37,838.6216216216217,4811.0,101.0,1025.8804714691385,4,28,0,1,1,0,0,3.0,,,
../codelingua/segment_trees/qwq_level3_Python_C/qid_codeforces_607_A___atcoder_AGC025_A___atcoder_ABC124_C.json,42,7,35,23,1.17,2,1,1,0.5476190476190477,1.5217391304347827,correct,41,447.4634146341463,2429.0,102.0,488.77198659298057,9,30,1,0,0,0,0,1.0,,,
../codelingua/segment_trees/qwq_level3_Python_C/qid_codeforces_131_B___codeforces_147_A___atcoder_ABC132_A.json,131,45,86,27,1.51,6,1,1,0.20610687022900764,3.185185185185185,incorrect,130,394.82307692307694,4779.0,100.0,594.7025504353711,13,73,1,14,2,0,0,25.0,,2.0,
../codelingua/segment_trees/qwq_level3_Python_C/qid_codeforces_110_B___atcoder_ARC062_B___codeforces_276_B.json,37,6,31,29,1.16,4,1,1,0.7837837837837838,1.0689655172413792,correct,36,478.25,2315.0,104.0,533.6383138418755,6,25,0,0,0,0,0,5.0,,,
../codelingua/segment_trees/qwq_level3_Python_C/qid_atcoder_ABC129_E___atcoder_ABC135_D___atcoder_ABC042_A.json,240,138,102,27,2.34,18,1,1,0.1125,3.7777777777777777,incorrect,239,228.35564853556485,975.0,104.0,97.34826093482933,18,177,0,0,0,0,0,44.0,,,
../codelingua/segment_trees/qwq_level3_Python_C/qid_codeforces_171_A___atcoder_ABC155_E___atcoder_ABC149_C.json,89,24,65,23,1.35,3,1,1,0.25842696629213485,2.8260869565217392,incorrect,88,443.10227272727275,3548.0,100.0,472.19188189560043,6,72,2,1,0,0,0,7.0,,,
../codelingua/segment_trees/qwq_level3_Python_C/qid_codeforces_665_A___atcoder_AGC046_A___atcoder_ABC164_D.json,36,7,29,18,1.21,2,1,1,0.5,1.6111111111111112,correct,35,682.7714285714286,3401.0,101.0,807.4354858845047,10,23,0,0,1,0,0,1.0,,,
../codelingua/segment_trees/qwq_level3_Python_C/qid_atcoder_ABC125_C___codeforces_514_A___atcoder_ABC114_C.json,51,7,44,43,1.14,3,1,1,0.8431372549019608,1.0232558139534884,incorrect,50,535.14,7344.0,103.0,1037.6130183832347,8,32,0,1,2,0,0,7.0,,,
../codelingua/segment_trees/qwq_level3_Python_C/qid_codeforces_450_A___codeforces_514_A___atcoder_ABC136_B.json,58,13,45,36,1.27,3,1,1,0.6206896551724138,1.25,incorrect,57,694.421052631579,5336.0,102.0,964.1732014560532,10,39,0,1,0,0,0,6.0,,1.0,
../codelingua/segment_trees/qwq_level3_Python_C/qid_atcoder_ABC152_C___atcoder_AGC034_B___atcoder_ABC114_C.json,71,17,54,43,1.3,4,1,1,0.6056338028169014,1.255813953488372,correct,70,520.7857142857143,3295.0,111.0,592.9786733427582,8,52,0,0,0,0,0,9.0,,1.0,
../codelingua/segment_trees/qwq_level3_Python_C/qid_codeforces_673_A___atcoder_ABC124_C___atcoder_ABC042_A.json,220,102,118,38,1.86,31,1,1,0.17272727272727273,3.1052631578947367,incorrect,219,249.50228310502283,881.0,102.0,114.06956570642143,4,201,0,0,0,0,0,14.0,,,
../codelingua/segment_trees/qwq_level3_Python_C/qid_atcoder_ABC070_B___codeforces_96_B___codeforces_669_A.json,59,10,49,26,1.18,3,1,1,0.4406779661016949,1.8846153846153846,correct,58,423.87931034482756,1973.0,103.0,362.73213148761874,7,42,0,2,0,0,0,6.0,,1.0,
../codelingua/segment_trees/qwq_level3_Python_C/qid_atcoder_ABC129_E___codeforces_147_A___atcoder_ARC062_B.json,123,34,89,40,1.37,4,1,1,0.3252032520325203,2.225,incorrect,122,416.1393442622951,4222.0,100.0,494.6022747367556,20,80,0,7,1,0,0,14.0,,,
../codelingua/segment_trees/qwq_level3_Python_C/qid_atcoder_ARC086_B___atcoder_ABC051_A___atcoder_ABC124_C.json,77,18,59,43,1.29,3,1,1,0.5584415584415584,1.372093023255814,correct,76,384.92105263157896,3113.0,102.0,452.26145132088936,9,57,0,0,0,0,0,10.0,,,
../codelingua/segment_trees/qwq_level3_Python_C/qid_codeforces_682_B___atcoder_ABC169_D___atcoder_AGC046_A.json,44,7,37,23,1.16,2,1,1,0.5227272727272727,1.608695652173913,correct,43,620.3953488372093,5077.0,100.0,980.6099204925106,9,17,0,3,4,0,0,8.0,2.0,,
../codelingua/segment_trees/qwq_level3_Python_C/qid_codeforces_92_A___atcoder_ABC051_A___atcoder_ABC114_C.json,73,14,59,34,1.22,3,1,1,0.4657534246575342,1.7352941176470589,correct,72,458.44444444444446,3687.0,100.0,560.9635043459937,8,50,0,3,2,0,0,9.0,,,
../codelingua/segment_trees/qwq_level3_Python_C/qid_codeforces_462_B___codeforces_514_A___atcoder_ARC062_B.json,63,15,48,35,1.29,3,1,1,0.5555555555555556,1.3714285714285714,correct,62,454.56451612903226,5745.0,106.0,789.9748827915766,8,39,2,0,0,0,0,12.0,1.0,,
../codelingua/segment_trees/qwq_level3_Python_C/qid_atcoder_AGC004_B___atcoder_AGC025_A___codeforces_59_A.json,64,16,48,30,1.31,4,1,1,0.46875,1.6,incorrect,63,459.6190476190476,3185.0,101.0,524.5538020491698,11,44,0,2,1,0,0,5.0,,,
../codelingua/segment_trees/qwq_level3_Python_C/qid_atcoder_ABC172_D___atcoder_ABC051_A___atcoder_AGC025_A.json,41,6,35,35,1.14,2,1,1,0.8536585365853658,1.0,incorrect,40,421.475,1356.0,107.0,324.85310190994454,5,33,0,0,0,0,0,2.0,,,
../codelingua/segment_trees/qwq_level3_Python_C/qid_atcoder_ABC070_B___codeforces_276_B___atcoder_ABC051_A.json,64,10,54,27,1.17,2,1,2,0.421875,2.0,correct,63,374.5238095238095,2841.0,101.0,446.30959373087774,4,56,0,0,0,0,0,3.0,,,
../codelingua/segment_trees/qwq_level3_Python_C/qid_codeforces_58_B___codeforces_59_A___atcoder_ABC129_E.json,83,15,68,30,1.21,3,1,1,0.3614457831325301,2.2666666666666666,incorrect,82,490.7926829268293,2370.0,101.0,464.94236302304586,9,56,0,3,1,0,0,13.0,,,
../codelingua/segment_trees/qwq_level3_Python_C/qid_codeforces_351_A___atcoder_ARC062_B___codeforces_147_A.json,115,36,79,34,1.44,7,1,1,0.2956521739130435,2.323529411764706,incorrect,114,440.5,8976.0,103.0,891.9268616588877,15,57,1,4,5,0,0,30.0,1.0,1.0,
../codelingua/segment_trees/qwq_level3_Python_C/qid_codeforces_450_A___codeforces_579_A___atcoder_ABC124_C.json,58,10,48,38,1.19,2,1,1,0.6551724137931034,1.263157894736842,incorrect,57,440.0701754385965,4803.0,100.0,649.6028418428647,4,37,0,0,0,0,0,13.0,1.0,2.0,
../codelingua/segment_trees/qwq_level3_Python_C/qid_codeforces_569_A___atcoder_ABC164_D___atcoder_ABC124_C.json,60,6,54,45,1.09,2,1,1,0.75,1.2,correct,59,506.10169491525426,4018.0,100.0,603.0560303045919,13,42,0,0,0,0,0,4.0,,,
../codelingua/segment_trees/qwq_level3_Python_C/qid_codeforces_596_B___atcoder_ABC164_D___codeforces_669_A.json,30,4,26,16,1.12,2,1,1,0.5333333333333333,1.625,incorrect,29,620.2758620689655,2939.0,148.0,628.4933171909584,4,20,1,0,2,0,0,2.0,,,
../codelingua/segment_trees/qwq_level3_Python_C/qid_codeforces_569_A___codeforces_147_A___atcoder_AGC046_A.json,83,20,63,40,1.3,3,1,1,0.4819277108433735,1.575,correct,82,538.5731707317074,5557.0,101.0,803.5069434424277,14,60,0,1,1,0,1,5.0,,,
../codelingua/segment_trees/qwq_level3_Python_C/qid_atcoder_ABC124_C___atcoder_ABC174_C___atcoder_ABC172_D.json,53,7,46,39,1.13,4,1,1,0.7358490566037735,1.1794871794871795,incorrect,52,452.8076923076923,2337.0,100.0,445.64203688353655,7,38,2,0,0,0,0,5.0,,,
../codelingua/segment_trees/qwq_level3_Python_C/qid_codeforces_612_B___codeforces_669_A___codeforces_147_A.json,87,22,65,45,1.32,4,1,1,0.5172413793103449,1.4444444444444444,correct,86,386.75581395348837,2299.0,102.0,376.0493376906347,16,46,1,3,2,0,0,18.0,,,
../codelingua/segment_trees/qwq_level3_Python_C/qid_atcoder_ABC165_C___atcoder_AGC034_B___atcoder_ABC043_B.json,120,39,81,32,1.47,5,1,1,0.26666666666666666,2.53125,incorrect,119,387.61344537815125,3330.0,103.0,429.71320962888046,12,81,0,5,0,0,0,21.0,,,
../codelingua/segment_trees/qwq_level3_Python_C/qid_codeforces_23_B___codeforces_669_A___atcoder_ABC129_E.json,43,4,39,37,1.08,2,1,1,0.8604651162790697,1.054054054054054,correct,42,468.8809523809524,3137.0,101.0,545.5907159991239,5,33,0,0,0,0,0,3.0,,1.0,
../codelingua/segment_trees/qwq_level3_Python_C/qid_atcoder_ABC123_B___codeforces_678_B___atcoder_ABC172_D.json,85,13,72,69,1.17,4,1,1,0.8117647058823529,1.0434782608695652,incorrect,84,427.6309523809524,2898.0,101.0,551.3156832930342,15,55,1,5,2,0,0,5.0,1.0,,
../codelingua/segment_trees/qwq_level3_Python_C/qid_atcoder_AGC017_A___codeforces_678_B___atcoder_ABC155_E.json,134,41,93,35,1.43,6,1,1,0.26119402985074625,2.657142857142857,incorrect,133,351.8796992481203,2060.0,100.0,343.6077758140943,35,72,0,0,2,0,0,24.0,,,
../codelingua/segment_trees/qwq_level3_Python_C/qid_codeforces_596_B___codeforces_96_B___codeforces_276_B.json,49,5,44,31,1.09,3,1,1,0.6326530612244898,1.4193548387096775,incorrect,48,575.8125,2278.0,108.0,556.6073392016956,5,32,2,0,0,0,0,9.0,,,
../codelingua/segment_trees/qwq_level3_Python_C/qid_atcoder_ABC108_B___atcoder_ABC124_C___codeforces_58_B.json,60,14,46,38,1.28,3,1,1,0.6333333333333333,1.2105263157894737,incorrect,59,342.54237288135596,2003.0,105.0,333.44297563626816,6,43,1,0,0,0,0,9.0,,,
../codelingua/segment_trees/qwq_level3_Python_C/qid_codeforces_534_B___atcoder_ABC169_D___codeforces_55_A.json,54,12,42,19,1.26,3,1,1,0.35185185185185186,2.210526315789474,correct,53,683.0188679245283,6899.0,100.0,1079.9146777295032,10,30,1,2,0,0,0,10.0,,,
../codelingua/segment_trees/qwq_level3_Python_C/qid_atcoder_ABC123_B___codeforces_96_B___atcoder_ABC142_A.json,87,25,62,30,1.39,4,1,1,0.3448275862068966,2.066666666666667,incorrect,86,465.09302325581393,4261.0,100.0,659.9831660581686,8,55,1,4,2,0,0,16.0,,,
../codelingua/segment_trees/qwq_level3_Python_C/qid_atcoder_ABC140_D___atcoder_ABC174_C___codeforces_669_A.json,53,10,43,35,1.21,2,1,1,0.660377358490566,1.2285714285714286,correct,52,508.28846153846155,2084.0,104.0,466.11125224789043,8,37,1,0,1,0,0,5.0,,,
../codelingua/segment_trees/qwq_level3_Python_C/qid_codeforces_242_B___atcoder_ABC132_A___codeforces_147_A.json,94,19,75,49,1.24,3,1,1,0.5212765957446809,1.530612244897959,incorrect,93,529.1505376344086,3910.0,104.0,580.6481376021064,10,70,0,2,0,0,0,10.0,1.0,,
../codelingua/segment_trees/qwq_level3_Python_C/qid_codeforces_462_B___codeforces_59_A___codeforces_96_B.json,37,8,29,19,1.24,3,1,1,0.5135135135135135,1.5263157894736843,correct,36,1027.7222222222222,4624.0,132.0,1172.3013169734895,3,27,0,2,0,0,0,3.0,1.0,,
../codelingua/segment_trees/qwq_level3_Python_C/qid_codeforces_612_B___atcoder_ARC062_B___codeforces_59_A.json,77,15,62,42,1.23,3,1,1,0.5454545454545454,1.4761904761904763,correct,76,359.2105263157895,3081.0,100.0,448.13540560235356,3,64,1,0,0,0,0,8.0,,,
../codelingua/segment_trees/qwq_level3_Python_C/qid_codeforces_354_A___atcoder_ABC114_C___codeforces_96_B.json,72,17,55,27,1.29,3,1,1,0.375,2.037037037037037,incorrect,71,572.4225352112676,2764.0,109.0,601.280506490032,13,38,0,8,0,0,0,11.0,,1.0,
../codelingua/segment_trees/qwq_level3_Python_C/qid_codeforces_354_A___codeforces_514_A___codeforces_59_A.json,66,11,55,31,1.18,3,1,1,0.4696969696969697,1.7741935483870968,correct,65,431.10769230769233,3602.0,108.0,500.72319957852346,8,46,0,0,2,0,0,9.0,,,
../codelingua/segment_trees/qwq_level3_Python_C/qid_atcoder_AGC035_B___atcoder_ABC149_C___codeforces_276_B.json,182,53,129,76,1.4,6,1,1,0.4175824175824176,1.6973684210526316,incorrect,181,289.7790055248619,6509.0,101.0,506.0734749038204,21,120,0,4,6,0,0,28.0,,2.0,
../codelingua/segment_trees/qwq_level3_Python_C/qid_codeforces_546_A___codeforces_59_A___atcoder_ABC124_C.json,65,8,57,46,1.12,2,1,1,0.7076923076923077,1.2391304347826086,correct,64,416.140625,2611.0,108.0,484.575116367708,11,48,0,1,0,0,0,4.0,,,
../codelingua/segment_trees/qwq_level3_Python_C/qid_atcoder_AGC046_A___atcoder_ABC155_E___atcoder_ABC129_E.json,63,8,55,30,1.13,2,1,1,0.47619047619047616,1.8333333333333333,correct,62,506.69354838709677,2379.0,102.0,505.8664888563565,8,47,1,1,0,0,0,5.0,,,
../codelingua/segment_trees/qwq_level3_Python_C/qid_codeforces_682_B___codeforces_58_B___codeforces_59_A.json,52,9,43,34,1.19,3,1,1,0.6538461538461539,1.2647058823529411,incorrect,51,413.4117647058824,1981.0,100.0,400.1707723695266,12,29,1,0,0,0,0,8.0,1.0,,
../codelingua/segment_trees/qwq_level3_Python_C/qid_codeforces_637_A___atcoder_AGC025_A___atcoder_ABC051_A.json,127,30,97,51,1.3,5,1,1,0.4015748031496063,1.9019607843137254,incorrect,126,325.76190476190476,3904.0,102.0,400.6588260067945,18,79,0,1,0,0,0,25.0,2.0,1.0,
../codelingua/segment_trees/qwq_level3_Python_C/qid_atcoder_ABC112_A___atcoder_ABC124_C___codeforces_49_A.json,73,19,54,35,1.33,3,1,1,0.4794520547945205,1.542857142857143,incorrect,72,684.2638888888889,19531.0,102.0,2290.2383908947827,6,58,0,1,1,0,0,5.0,,1.0,
../codelingua/segment_trees/qwq_level3_Python_C/qid_codeforces_387_B___atcoder_ABC135_D___atcoder_AGC034_B.json,45,11,34,21,1.29,4,1,1,0.4666666666666667,1.619047619047619,correct,44,631.9090909090909,7655.0,102.0,1152.7862469158035,7,29,0,2,0,0,0,6.0,,,
../codelingua/segment_trees/qwq_level3_Python_C/qid_atcoder_ABC125_C___codeforces_96_B___codeforces_147_A.json,135,33,102,54,1.31,4,1,1,0.4,1.8888888888888888,incorrect,134,353.57462686567163,3206.0,100.0,359.64496647076055,15,86,0,6,1,0,0,25.0,1.0,,
../codelingua/segment_trees/qwq_level3_Python_C/qid_atcoder_AGC043_B___codeforces_672_A___codeforces_669_A.json,85,21,64,34,1.31,3,1,1,0.4,1.8823529411764706,incorrect,84,452.6547619047619,3447.0,100.0,558.3098741014884,11,59,0,1,0,0,0,13.0,,,
../codelingua/segment_trees/qwq_level3_Python_C/qid_codeforces_106_B___atcoder_ABC155_E___atcoder_ABC135_D.json,78,14,64,34,1.2,3,1,1,0.4358974358974359,1.8823529411764706,correct,77,442.87012987012986,3740.0,101.0,508.3187549127374,21,44,0,1,1,0,0,10.0,,,
../codelingua/segment_trees/qwq_level3_Python_C/qid_atcoder_ABC122_D___codeforces_669_A___atcoder_ABC136_B.json,83,18,65,32,1.26,3,1,1,0.3855421686746988,2.03125,incorrect,82,574.3414634146342,7289.0,100.0,1023.4406050605579,17,34,2,2,2,0,0,24.0,1.0,,
../codelingua/segment_trees/qwq_level3_Python_C/qid_codeforces_672_A___atcoder_ABC178_A___atcoder_ABC158_A.json,87,9,78,61,1.1,3,1,1,0.7011494252873564,1.278688524590164,correct,86,350.9651162790698,2229.0,102.0,352.4192505817107,7,71,0,0,0,0,0,8.0,,,
../codelingua/segment_trees/qwq_level3_Python_C/qid_atcoder_AGC004_B___atcoder_ABC135_D___atcoder_ABC051_A.json,71,18,53,29,1.32,3,1,1,0.4084507042253521,1.8275862068965518,incorrect,70,439.34285714285716,3893.0,100.0,586.117188799485,15,43,1,2,1,0,0,8.0,,,
../codelingua/segment_trees/qwq_level3_Python_C/qid_atcoder_ABC178_B___codeforces_49_A___atcoder_ABC051_A.json,53,5,48,43,1.08,3,1,1,0.8113207547169812,1.1162790697674418,correct,52,358.78846153846155,1602.0,104.0,283.85596572208607,5,40,0,0,1,0,0,4.0,1.0,1.0,
../codelingua/segment_trees/qwq_level3_Python_C/qid_codeforces_333_B___codeforces_96_B___atcoder_ABC158_A.json,49,13,36,25,1.33,3,1,1,0.5102040816326531,1.44,correct,48,583.0,3581.0,100.0,736.2849529325542,8,28,2,1,0,0,0,9.0,,,
../codelingua/segment_trees/qwq_level3_Python_C/qid_codeforces_56_B___atcoder_ARC062_B___codeforces_669_A.json,66,15,51,29,1.27,3,1,1,0.4393939393939394,1.7586206896551724,correct,65,374.18461538461537,2217.0,100.0,444.5011562241603,10,51,0,0,1,0,0,3.0,,,
../codelingua/segment_trees/qwq_level3_Python_C/qid_codeforces_272_B___codeforces_96_B___codeforces_622_A.json,72,18,54,26,1.31,3,1,1,0.3611111111111111,2.076923076923077,incorrect,71,557.0704225352113,4697.0,104.0,682.4561592186952,6,40,0,4,0,0,0,20.0,,1.0,
../codelingua/segment_trees/qwq_level3_Python_C/qid_atcoder_AGC024_B___atcoder_ABC132_A___atcoder_AGC034_B.json,78,19,59,25,1.31,2,1,1,0.32051282051282054,2.36,correct,77,402.46753246753246,3557.0,107.0,557.5920406537473,15,52,0,0,0,0,0,10.0,,,
../codelingua/segment_trees/qwq_level3_Python_C/qid_atcoder_ABC155_E___atcoder_ABC136_B___atcoder_ABC169_D.json,57,14,43,30,1.3,3,1,1,0.5263157894736842,1.4333333333333333,incorrect,56,649.3928571428571,5353.0,100.0,986.3991019418501,8,34,0,0,0,0,0,13.0,1.0,,
../codelingua/segment_trees/qwq_level3_Python_C/qid_codeforces_665_A___codeforces_622_A___codeforces_276_B.json,30,3,27,24,1.07,2,1,1,0.8,1.125,correct,29,577.448275862069,3542.0,116.0,648.0346984871642,8,21,0,0,0,0,0,,,,
../codelingua/segment_trees/qwq_level3_Python_C/qid_codeforces_351_A___codeforces_147_A___codeforces_49_A.json,122,23,99,40,1.22,3,1,1,0.32786885245901637,2.475,correct,121,376.08264462809916,4544.0,100.0,533.8252770769486,14,74,0,7,2,0,0,24.0,,,
../codelingua/segment_trees/qwq_level3_Python_C/qid_codeforces_55_B___codeforces_59_A___atcoder_AGC046_A.json,75,16,59,27,1.25,4,1,2,0.36,2.185185185185185,incorrect,74,433.0810810810811,2246.0,107.0,402.3848684740735,13,48,2,3,2,0,0,6.0,,,
../codelingua/segment_trees/qwq_level3_Python_C/qid_atcoder_AGC043_B___atcoder_ABC174_C___atcoder_ABC169_D.json,70,20,50,19,1.38,3,1,1,0.2714285714285714,2.6315789473684212,incorrect,69,597.6376811594203,4469.0,102.0,803.9707700827718,8,54,1,2,1,0,0,3.0,,,
../codelingua/segment_trees/qwq_level3_Python_C/qid_atcoder_AGC043_B___atcoder_ABC114_C___atcoder_AGC025_A.json,116,36,80,33,1.44,4,1,1,0.28448275862068967,2.4242424242424243,incorrect,115,367.6347826086957,2288.0,101.0,338.1613424334599,12,82,0,2,5,0,0,13.0,1.0,,
../codelingua/segment_trees/qwq_level3_Python_C/qid_codeforces_108_B___atcoder_ABC051_A___codeforces_276_B.json,57,12,45,25,1.24,3,1,1,0.43859649122807015,1.8,correct,56,416.01785714285717,2660.0,104.0,489.51614296239427,7,39,1,0,0,0,0,9.0,,,
../codelingua/segment_trees/qwq_level3_Python_C/qid_atcoder_AGC027_B___atcoder_AGC046_A___atcoder_ABC135_D.json,57,11,46,30,1.22,3,1,1,0.5263157894736842,1.5333333333333334,correct,56,463.07142857142856,2543.0,100.0,486.5971212836739,16,31,0,0,0,0,0,8.0,,1.0,
../codelingua/segment_trees/qwq_level3_Python_C/qid_atcoder_ABC149_C___codeforces_622_A___codeforces_96_B.json,40,10,30,20,1.3,2,1,1,0.5,1.5,correct,39,843.6666666666666,5614.0,105.0,1009.4826276061399,9,20,0,1,0,0,0,8.0,1.0,,
../codelingua/segment_trees/qwq_level3_Python_C/qid_atcoder_ABC155_E___atcoder_ABC129_E___atcoder_ABC136_B.json,56,14,42,21,1.31,3,1,1,0.375,2.0,incorrect,55,736.0545454545454,6574.0,100.0,1030.4432957997185,10,33,0,0,2,0,0,10.0,,,
../codelingua/segment_trees/qwq_level3_Python_C/qid_atcoder_ABC167_D___atcoder_ABC129_E___codeforces_622_A.json,103,26,77,23,1.32,5,1,1,0.22330097087378642,3.347826086956522,incorrect,102,437.1470588235294,2147.0,100.0,418.3423771221538,11,67,2,2,1,0,0,19.0,,,
../codelingua/segment_trees/qwq_level3_Python_C/qid_atcoder_ARC102_C___atcoder_AGC046_A___codeforces_669_A.json,63,15,48,41,1.29,3,1,2,0.6507936507936508,1.170731707317073,correct,62,441.5483870967742,4864.0,103.0,715.4893471024066,7,43,0,4,2,0,0,5.0,,1.0,
../codelingua/segment_trees/qwq_level3_Python_C/qid_codeforces_274_A___atcoder_ABC169_D___codeforces_147_A.json,175,79,96,36,1.81,22,1,1,0.2057142857142857,2.6666666666666665,incorrect,174,280.0057471264368,4423.0,100.0,384.8173126674907,32,72,0,39,0,0,0,28.0,,2.0,1.0
../codelingua/segment_trees/qwq_level3_Python_C/qid_codeforces_265_B___atcoder_AGC046_A___codeforces_147_A.json,89,24,65,40,1.35,3,1,1,0.449438202247191,1.625,correct,88,356.6818181818182,2904.0,100.0,394.0401562316879,13,53,0,3,2,0,0,16.0,,1.0,
../codelingua/segment_trees/qwq_level3_Python_C/qid_codeforces_609_B___atcoder_ABC129_E___atcoder_ABC178_A.json,112,32,80,28,1.39,4,1,1,0.25,2.857142857142857,incorrect,111,400.4054054054054,4786.0,104.0,647.1337135733568,14,42,0,2,0,0,0,53.0,,,
../codelingua/segment_trees/qwq_level3_Python_C/qid_atcoder_AGC028_A___codeforces_622_A___codeforces_49_A.json,57,11,46,35,1.22,2,1,1,0.6140350877192983,1.3142857142857143,incorrect,56,768.0,15706.0,97.0,2106.4471337474215,4,40,1,0,0,0,0,10.0,1.0,,
../codelingua/segment_trees/qwq_level3_Python_C/qid_atcoder_ABC123_B___codeforces_669_A___atcoder_ABC155_E.json,73,17,56,24,1.29,4,1,1,0.3287671232876712,2.3333333333333335,correct,72,418.44444444444446,2405.0,89.0,456.8382118427562,9,46,1,3,2,0,0,11.0,,,
../codelingua/segment_trees/qwq_level3_Python_C/qid_atcoder_ABC125_B___codeforces_672_A___codeforces_678_B.json,78,17,61,34,1.26,4,1,1,0.4358974358974359,1.7941176470588236,incorrect,77,489.7922077922078,4401.0,100.0,705.327048770963,12,56,0,1,1,0,0,7.0,,,
../codelingua/segment_trees/qwq_level3_Python_C/qid_atcoder_AGC005_B___atcoder_ABC155_E___codeforces_514_A.json,92,24,68,41,1.34,4,1,1,0.44565217391304346,1.6585365853658536,incorrect,91,476.56043956043953,4344.0,100.0,678.1264255905745,20,57,0,3,1,0,0,10.0,,,
../codelingua/segment_trees/qwq_level3_Python_C/qid_codeforces_581_B___atcoder_ARC062_B___atcoder_ABC174_C.json,91,30,61,28,1.48,5,1,1,0.3076923076923077,2.1785714285714284,correct,90,415.77777777777777,3701.0,102.0,419.28756530807414,10,65,0,0,0,0,0,15.0,,,
../codelingua/segment_trees/qwq_level3_Python_C/qid_atcoder_AGC005_B___atcoder_ABC169_D___atcoder_ABC158_A.json,98,29,69,26,1.41,5,1,1,0.2653061224489796,2.6538461538461537,incorrect,97,427.21649484536084,3419.0,105.0,465.25287091188653,15,57,1,0,2,0,0,22.0,,,
../codelingua/segment_trees/qwq_level3_Python_C/qid_codeforces_296_A___atcoder_ABC129_E___atcoder_ABC114_C.json,70,20,50,30,1.38,4,1,1,0.42857142857142855,1.6666666666666667,incorrect,69,607.9855072463768,5421.0,100.0,888.0259418036633,10,39,1,1,1,0,0,16.0,1.0,,
../codelingua/segment_trees/qwq_level3_Python_C/qid_atcoder_ABC111_C___codeforces_96_B___codeforces_58_B.json,78,26,52,26,1.48,4,1,1,0.3333333333333333,2.0,incorrect,77,551.6233766233767,5369.0,105.0,787.2486405691166,18,43,0,1,1,0,0,13.0,,1.0,
../codelingua/segment_trees/qwq_level3_Python_C/qid_atcoder_ABC128_C___codeforces_622_A___atcoder_ABC132_A.json,147,40,107,42,1.36,5,1,1,0.2857142857142857,2.5476190476190474,incorrect,146,339.36301369863014,2880.0,100.0,403.05835771762304,25,54,3,4,1,0,0,56.0,2.0,1.0,
../codelingua/segment_trees/qwq_level3_Python_C/qid_atcoder_AGC004_B___atcoder_ARC062_B___atcoder_ABC158_A.json,66,10,56,39,1.16,3,1,1,0.5909090909090909,1.435897435897436,incorrect,65,447.5692307692308,2920.0,108.0,490.1482546520609,8,44,0,5,0,0,0,7.0,1.0,,
../codelingua/segment_trees/qwq_level3_Python_C/qid_codeforces_354_A___codeforces_669_A___codeforces_96_B.json,61,15,46,25,1.3,2,1,1,0.4098360655737705,1.84,correct,60,418.05,2377.0,101.0,442.0281233862917,17,30,0,3,1,0,0,9.0,,,
../codelingua/segment_trees/qwq_level3_Python_C/qid_atcoder_ABC122_D___codeforces_96_B___codeforces_59_A.json,81,20,61,46,1.31,4,1,1,0.5679012345679012,1.326086956521739,incorrect,80,611.1125,5740.0,100.0,945.3604093885255,15,44,0,1,1,0,0,18.0,1.0,,
../codelingua/segment_trees/qwq_level3_Python_C/qid_atcoder_AGC028_B___atcoder_ABC135_D___atcoder_ABC158_A.json,100,21,79,44,1.25,4,1,1,0.44,1.7954545454545454,incorrect,99,416.3131313131313,6113.0,100.0,636.5759753374529,15,69,0,0,1,0,0,13.0,,1.0,
../codelingua/segment_trees/qwq_level3_Python_C/qid_atcoder_ABC122_D___atcoder_ABC178_A___codeforces_514_A.json,75,11,64,43,1.16,2,1,2,0.5733333333333334,1.4883720930232558,incorrect,74,474.3378378378378,3642.0,107.0,538.657038244239,18,40,0,4,0,0,0,11.0,1.0,,
../codelingua/segment_trees/qwq_level3_Python_C/qid_codeforces_637_A___atcoder_ARC062_B___atcoder_AGC025_A.json,69,9,60,30,1.13,3,1,1,0.43478260869565216,2.0,correct,68,440.44117647058823,4033.0,75.0,576.308203778047,6,44,2,4,0,0,0,11.0,,1.0,
../codelingua/segment_trees/qwq_level3_Python_C/qid_atcoder_ABC167_D___atcoder_ABC124_C___atcoder_ABC172_D.json,76,19,57,39,1.32,4,1,1,0.5131578947368421,1.4615384615384615,incorrect,75,518.0266666666666,4409.0,102.0,640.9852840856913,10,49,1,0,3,0,0,12.0,,,
../codelingua/segment_trees/qwq_level3_Python_C/qid_atcoder_ABC158_B___atcoder_AGC046_A___atcoder_ABC136_B.json,35,5,30,29,1.13,3,1,1,0.8285714285714286,1.0344827586206897,incorrect,34,681.7058823529412,2001.0,103.0,465.3128976201091,3,27,0,0,1,0,0,3.0,,,
../codelingua/segment_trees/qwq_level3_Python_C/qid_codeforces_37_A___codeforces_49_A___codeforces_276_B.json,92,17,75,59,1.21,3,1,1,0.6413043478260869,1.271186440677966,correct,91,369.0659340659341,2398.0,100.0,363.3579747667826,5,72,0,2,0,0,0,12.0,,,
../codelingua/segment_trees/qwq_level3_Python_C/qid_codeforces_356_A___atcoder_ABC170_A___atcoder_ABC164_D.json,67,12,55,31,1.2,2,1,1,0.4626865671641791,1.7741935483870968,correct,66,432.8484848484849,3105.0,100.0,477.0796496127162,23,30,0,6,0,0,0,7.0,,,
../codelingua/segment_trees/qwq_level3_Python_C/qid_atcoder_ABC155_E___atcoder_ABC169_D___atcoder_AGC034_B.json,97,24,73,28,1.32,3,1,1,0.28865979381443296,2.607142857142857,incorrect,96,446.2083333333333,4167.0,105.0,526.1356422398009,11,70,2,1,0,0,0,11.0,,1.0,
../codelingua/segment_trees/qwq_level3_Python_C/qid_codeforces_534_B___atcoder_ABC051_A___atcoder_ABC132_A.json,37,4,33,28,1.09,2,1,1,0.7567567567567568,1.1785714285714286,correct,36,392.75,1953.0,101.0,353.25380394271764,6,24,0,1,1,0,0,4.0,,,
../codelingua/segment_trees/qwq_level3_Python_C/qid_codeforces_231_A___atcoder_ABC132_A___atcoder_ABC124_C.json,107,24,83,42,1.28,3,1,1,0.3925233644859813,1.9761904761904763,correct,106,338.41509433962267,2901.0,100.0,336.7602755649224,11,82,0,1,0,0,0,11.0,1.0,,
../codelingua/segment_trees/qwq_level3_Python_C/qid_atcoder_ABC153_A___codeforces_147_A___atcoder_ARC062_B.json,86,13,73,61,1.16,3,1,1,0.7093023255813954,1.1967213114754098,correct,85,427.4117647058824,3361.0,100.0,559.5917154097102,20,44,1,10,1,0,0,9.0,,,
../codelingua/segment_trees/qwq_level3_Python_C/qid_codeforces_462_B___atcoder_ABC149_C___atcoder_ABC051_A.json,53,8,45,30,1.16,2,1,1,0.5660377358490566,1.5,incorrect,52,517.9615384615385,3307.0,101.0,639.987559975252,14,24,1,4,2,0,0,5.0,2.0,,
../codelingua/segment_trees/qwq_level3_Python_C/qid_codeforces_400_B___codeforces_672_A___codeforces_579_A.json,99,31,68,27,1.44,4,1,1,0.2727272727272727,2.5185185185185186,incorrect,98,460.2040816326531,2995.0,102.0,468.2928407796094,9,80,1,3,0,0,0,5.0,,,
../codelingua/segment_trees/qwq_level3_Python_C/qid_atcoder_ARC062_B___atcoder_ABC174_C___codeforces_276_B.json,40,9,31,28,1.26,4,1,1,0.7,1.1071428571428572,incorrect,39,534.974358974359,2476.0,114.0,569.1234019908663,3,28,1,2,1,0,0,4.0,,,
../codelingua/segment_trees/qwq_level3_Python_C/qid_codeforces_108_B___atcoder_ABC129_E___atcoder_ABC132_A.json,43,9,34,31,1.24,3,1,1,0.7209302325581395,1.096774193548387,correct,42,603.2619047619048,3618.0,117.0,724.8891272505331,11,25,1,0,0,0,0,4.0,1.0,,
../codelingua/segment_trees/qwq_level3_Python_C/qid_codeforces_678_A___atcoder_ABC135_D___atcoder_AGC034_B.json,62,9,53,39,1.15,2,1,1,0.6290322580645161,1.358974358974359,incorrect,61,673.5245901639345,7197.0,102.0,1153.274925398065,4,50,0,1,0,0,0,6.0,,,
../codelingua/segment_trees/qwq_level3_Python_C/qid_codeforces_340_A___atcoder_ABC155_E___codeforces_49_A.json,70,13,57,41,1.21,4,1,1,0.5857142857142857,1.3902439024390243,correct,69,486.1449275362319,2434.0,101.0,476.80481502214667,11,50,0,1,1,0,0,6.0,,,
../codelingua/segment_trees/qwq_level3_Python_C/qid_codeforces_518_B___codeforces_581_A___codeforces_59_A.json,79,15,64,28,1.22,3,1,2,0.35443037974683544,2.2857142857142856,correct,78,414.7692307692308,2949.0,102.0,529.2848378335049,17,51,2,3,0,0,0,5.0,,,
../codelingua/segment_trees/qwq_level3_Python_C/qid_codeforces_23_B___codeforces_622_A___atcoder_ABC164_D.json,66,11,55,46,1.18,3,1,1,0.696969696969697,1.1956521739130435,correct,65,470.0769230769231,2229.0,101.0,455.99692665124905,13,47,0,1,0,0,0,4.0,,,
../codelingua/segment_trees/qwq_level3_Python_C/qid_codeforces_231_A___codeforces_622_A___atcoder_ARC062_B.json,49,9,40,35,1.2,2,1,1,0.7142857142857143,1.1428571428571428,correct,48,633.625,3750.0,103.0,664.5118709216147,6,37,1,0,0,0,0,4.0,,,
../codelingua/segment_trees/qwq_level3_Python_C/qid_atcoder_ABC106_C___atcoder_AGC034_B___codeforces_147_A.json,98,21,77,39,1.26,4,1,1,0.3979591836734694,1.9743589743589745,incorrect,97,477.45360824742266,3839.0,100.0,528.5995061760399,5,85,0,0,0,0,0,6.0,,1.0,
../codelingua/segment_trees/qwq_level3_Python_C/qid_codeforces_189_A___atcoder_ABC124_C___atcoder_ABC149_C.json,72,12,60,34,1.18,3,1,1,0.4722222222222222,1.7647058823529411,incorrect,71,504.38028169014086,4338.0,102.0,637.4724277779098,15,43,0,1,1,0,0,11.0,,,
../codelingua/segment_trees/qwq_level3_Python_C/qid_codeforces_669_A___atcoder_ABC132_A___atcoder_ARC062_B.json,62,15,47,22,1.3,5,1,1,0.3548387096774194,2.1363636363636362,correct,61,418.0983606557377,4142.0,102.0,550.8335109909355,5,51,0,0,0,0,0,5.0,,,
../codelingua/segment_trees/qwq_level3_Python_C/qid_atcoder_AGC033_A___atcoder_ABC129_E___atcoder_ABC174_C.json,50,11,39,31,1.26,2,1,1,0.62,1.2580645161290323,correct,49,531.4285714285714,2989.0,100.0,567.7096529036652,17,20,0,4,1,0,0,7.0,,,
../codelingua/segment_trees/qwq_level3_Python_C/qid_atcoder_ABC174_E___codeforces_96_B___atcoder_ABC132_A.json,86,23,63,29,1.35,4,1,1,0.3372093023255814,2.1724137931034484,incorrect,85,509.7176470588235,4679.0,100.0,710.2373615939404,17,47,2,2,1,0,0,16.0,,,
../codelingua/segment_trees/qwq_level3_Python_C/qid_codeforces_268_A___atcoder_ABC114_C___atcoder_ABC051_A.json,95,18,77,59,1.22,4,1,1,0.6210526315789474,1.305084745762712,incorrect,94,408.8191489361702,2659.0,103.0,414.6441397633978,15,53,0,4,0,0,0,21.0,,1.0,
../codelingua/segment_trees/qwq_level3_Python_C/qid_atcoder_ABC123_B___codeforces_96_B___codeforces_32_B.json,68,13,55,52,1.22,2,1,1,0.7647058823529411,1.0576923076923077,incorrect,67,631.1492537313433,4849.0,100.0,843.8900591494445,7,48,0,0,0,0,0,12.0,,,
../codelingua/segment_trees/qwq_level3_Python_C/qid_atcoder_ABC172_D___codeforces_669_A___codeforces_276_B.json,40,6,34,25,1.15,2,1,1,0.625,1.36,correct,39,380.0769230769231,1431.0,108.0,315.8076850349363,7,24,0,0,0,0,0,8.0,,,
../codelingua/segment_trees/qwq_level3_Python_C/qid_codeforces_624_B___atcoder_ABC169_D___codeforces_669_A.json,60,12,48,33,1.23,3,1,1,0.55,1.4545454545454546,incorrect,59,579.5084745762712,6821.0,100.0,928.5254786930274,9,46,1,2,0,0,0,1.0,,,
../codelingua/segment_trees/qwq_level3_Python_C/qid_atcoder_ARC086_B___atcoder_ARC062_B___atcoder_ABC129_E.json,148,52,96,40,1.53,4,1,1,0.2702702702702703,2.4,incorrect,147,334.7891156462585,3087.0,100.0,306.8050612916027,6,118,0,3,0,0,0,19.0,1.0,,
../codelingua/segment_trees/qwq_level3_Python_C/qid_atcoder_ABC109_B___atcoder_AGC034_B___codeforces_622_A.json,76,13,63,47,1.19,3,1,1,0.618421052631579,1.3404255319148937,correct,75,462.48,3130.0,100.0,540.4815510514924,11,49,2,1,0,0,0,10.0,1.0,1.0,
../codelingua/segment_trees/qwq_level3_Python_C/qid_atcoder_ABC128_C___atcoder_AGC025_A___codeforces_669_A.json,89,19,70,41,1.26,4,1,1,0.4606741573033708,1.7073170731707317,incorrect,88,415.84090909090907,5085.0,100.0,596.4069405757953,17,38,5,1,1,0,0,25.0,,1.0,
../codelingua/segment_trees/qwq_level3_Python_C/qid_codeforces_534_B___atcoder_ABC114_C___atcoder_ABC172_D.json,63,13,50,38,1.24,5,1,1,0.6031746031746031,1.3157894736842106,correct,62,524.1612903225806,3255.0,89.0,667.8131228132512,6,44,0,4,0,0,0,8.0,,,
../codelingua/segment_trees/qwq_level3_Python_C/qid_codeforces_148_B___atcoder_ABC164_D___codeforces_96_B.json,52,5,47,45,1.09,2,1,1,0.8653846153846154,1.0444444444444445,correct,51,730.0,4716.0,109.0,948.5122877432849,9,34,0,2,1,0,0,5.0,,,
../codelingua/segment_trees/qwq_level3_Python_C/qid_atcoder_ABC165_C___atcoder_ABC155_E___atcoder_ABC169_D.json,80,19,61,32,1.3,3,1,1,0.4,1.90625,correct,79,396.9746835443038,4007.0,101.0,531.0721128947083,14,41,0,1,1,0,0,20.0,,2.0,
../codelingua/segment_trees/qwq_level3_Python_C/qid_codeforces_596_B___atcoder_ABC129_E___codeforces_49_A.json,54,14,40,30,1.32,3,1,1,0.5555555555555556,1.3333333333333333,correct,53,468.811320754717,3914.0,100.0,649.7438565312835,11,30,2,2,0,0,0,7.0,1.0,,
../codelingua/segment_trees/qwq_level3_Python_C/qid_atcoder_ABC051_A___atcoder_ABC158_A___codeforces_32_B.json,70,17,53,26,1.3,3,1,1,0.37142857142857144,2.0384615384615383,correct,69,526.7536231884058,5480.0,103.0,817.5227358917394,2,55,0,5,0,0,0,7.0,,,
